{
    "skeleton": {
        "hash": "01fd2a819f",
        "spine": "4.2.43",
        "x": -12.32,
        "y": 0.0,
        "width": 103.32,
        "height": 127.95,
        "images": "",
        "audio": "./audio"
    },
    "bones": [
        {
            "name": "root"
        },
        {
            "name": "Cone_main",
            "parent": "root",
            "x": 0.0,
            "y": 0.0
        },
        {
            "name": "Cone",
            "parent": "Cone_main"
        },
        {
            "name": "Cone_scale_rotate_X",
            "parent": "Cone",
            "length": 64.0,
            "y": -0.5,
            "scaleX": 0
        },
        {
            "name": "Cone_rotate_X",
            "parent": "Cone_scale_rotate_X",
            "color": "ff0000ff"
        },
        {
            "name": "Cone_1_scale",
            "parent": "Cone_rotate_X",
            "length": 64.0,
            "rotation": 90,
            "y": -128.0,
            "inherit": "onlyTranslation",
            "color": "abe323ff"
        },
        {
            "name": "Cone_1",
            "parent": "Cone_1_scale",
            "rotation": -90
        },
        {
            "name": "Cone_2_scale",
            "parent": "Cone_rotate_X",
            "length": 64.0,
            "rotation": 90,
            "y": 128.0,
            "inherit": "onlyTranslation",
            "color": "abe323ff"
        },
        {
            "name": "Cone_2",
            "parent": "Cone_2_scale",
            "rotation": -90
        },
        {
            "name": "Cone_rotation_X",
            "parent": "Cone_main",
            "length": 64.0,
            "x": 128.0,
            "y": 64.0,
            "color": "ff0000ff"
        },
        {
            "name": "Cone_rotation_Y",
            "parent": "Cone_main",
            "length": 64.0,
            "x": 128.0,
            "color": "00ff18ff"
        },
        {
            "name": "Cone_rotation_Z",
            "parent": "Cone_main",
            "length": 64.0,
            "x": 128.0,
            "y": -64.0,
            "color": "002cffff"
        },
        {
            "name": "Cone_rotate_X_constraint",
            "parent": "Cone",
            "length": 64.0,
            "rotation": 90,
            "y": -0.5,
            "color": "abe323ff"
        },
        {
            "name": "Cone_rotate_X_constraint_scale_IK",
            "parent": "Cone",
            "y": 63.5,
            "scaleX": 0
        },
        {
            "name": "Cone_rotate_X_constraint_rotate_IK",
            "parent": "Cone_rotate_X_constraint_scale_IK",
            "x": -64.0
        },
        {
            "name": "Cone_rotate_X_constraint_IK",
            "parent": "Cone_rotate_X_constraint_rotate_IK",
            "rotation": 90,
            "x": 64.0,
            "color": "ff3f00ff",
            "icon": "ik"
        },
        {
            "name": "Cone_Segment_0_vertex_0",
            "parent": "Cone_1",
            "x": 0.0,
            "y": -96.0
        },
        {
            "name": "Cone_Segment_0_vertex_1",
            "parent": "Cone_2",
            "x": 0.0,
            "y": 32.0
        },
        {
            "name": "Cone_Segment_0_vertex_2",
            "parent": "Cone_1",
            "x": 110.85,
            "y": 96.0
        },
        {
            "name": "Cone_Segment_1_vertex_0",
            "parent": "Cone_1",
            "x": -110.85,
            "y": 96.0
        }
    ],
    "slots": [
        {
            "name": "Cone_rotation_X",
            "bone": "Cone_rotation_X",
            "attachment": "Cone_rotation_X"
        },
        {
            "name": "Cone_rotation_Z",
            "bone": "Cone_rotation_Z",
            "attachment": "Cone_rotation_Z"
        },
        {
            "name": "Cone_rotation_Y",
            "bone": "Cone_rotation_Y",
            "attachment": "Cone_rotation_Y"
        },
        {
            "name": "Cone_main",
            "bone": "Cone_main",
            "attachment": "Cone_main"
        },
        {
            "name": "Cone_Segment_0",
            "bone": "Cone",
            "attachment": "Cone_Segment_0"
        },
        {
            "name": "Cone_Segment_1",
            "bone": "Cone",
            "attachment": "Cone_Segment_1"
        },
        {
            "name": "Cone_Segment_2",
            "bone": "Cone",
            "attachment": "Cone_Segment_2"
        },
        {
            "name": "Cone_Segment_3",
            "bone": "Cone",
            "attachment": "Cone_Segment_3"
        }
    ],
    "ik": [
        {
            "name": "Cone_scale_constraint_IK",
            "order": 3,
            "bones": [
                "Cone_rotate_X_constraint"
            ],
            "target": "Cone_rotate_X_constraint_IK",
            "compress": true,
            "stretch": true
        }
    ],
    "transform": [
        {
            "name": "Cone_rotation_X",
            "order": 1,
            "bones": [
                "Cone_1_scale",
                "Cone_2_scale",
                "Cone"
            ],
            "target": "Cone_rotation_X",
            "rotation": 90,
            "local": true,
            "relative": true,
            "x": -256.0,
            "y": -64.0,
            "mixX": 0,
            "mixScaleX": 0,
            "mixShearY": 0
        },
        {
            "name": "Cone_rotation_Y",
            "order": 2,
            "bones": [
                "Cone_rotate_X",
                "Cone_rotate_X_constraint_rotate_IK"
            ],
            "target": "Cone_rotation_Y",
            "local": true,
            "relative": true,
            "x": 128.0,
            "scaleX": -1,
            "mixX": 0,
            "mixScaleX": 0,
            "mixShearY": 0
        },
        {
            "name": "Cone_rotation_Z",
            "order": 5,
            "bones": [
                "Cone_1",
                "Cone_2"
            ],
            "target": "Cone_rotation_Z",
            "local": true,
            "mixX": 0,
            "mixScaleX": 0,
            "mixShearY": 0
        },
        {
            "name": "Cone_scale_constraint",
            "order": 4,
            "bones": [
                "Cone_1_scale",
                "Cone_2_scale"
            ],
            "target": "Cone_rotate_X_constraint",
            "scaleX": -1,
            "mixRotate": 0,
            "mixX": 0,
            "mixShearY": 0
        },
        {
            "name": "Cone_scale_compensator",
            "order": 6,
            "bones": [
                "Cone_2_scale",
                "Cone_1_scale"
            ],
            "target": "Cone",
            "mixRotate": 0,
            "mixX": 0,
            "mixScaleX": 0,
            "mixScaleY": 0,
            "mixShearY": 0
        }
    ],
    "skins": [
        {
            "name": "default",
            "attachments": {
                "Cone_main": {
                    "Cone_main": {
                        "type": "boundingbox",
                        "vertexCount": 24,
                        "vertices": [
                            -21.11,
                            20.72,
                            -20.96,
                            68.4,
                            -43.49,
                            68.1,
                            -1.72,
                            116.85,
                            43.32,
                            68.33,
                            20.42,
                            68.33,
                            20.56,
                            20.66,
                            68.38,
                            20.83,
                            68.11,
                            42.63,
                            117.11,
                            -1.92,
                            68.53,
                            -43.12,
                            68.19,
                            -20.49,
                            20.8,
                            -20.65,
                            20.65,
                            -68.22,
                            42.87,
                            -68.6,
                            -1.65,
                            -116.52,
                            -42.84,
                            -68.86,
                            -20.52,
                            -68.5,
                            -20.68,
                            -21.13,
                            -68,
                            -21.09,
                            -68.23,
                            -43.28,
                            -117.01,
                            -1.99,
                            -68.32,
                            43.2,
                            -68.17,
                            20.58
                        ],
                        "color": "df00ffff"
                    }
                },
                "Cone_rotation_X": {
                    "Cone_rotation_X": {
                        "type": "boundingbox",
                        "vertexCount": 64,
                        "vertices": [
                            33.35,
                            -86.18,
                            19.36,
                            -57.86,
                            6.36,
                            -62.25,
                            -4.44,
                            -64.09,
                            -18.35,
                            -63.9,
                            -33.54,
                            -59.51,
                            -45.63,
                            -52.92,
                            -55.88,
                            -43.95,
                            -63.57,
                            -33.51,
                            -69.78,
                            -20.21,
                            -72.89,
                            -6.3,
                            -72.71,
                            7.43,
                            -69.78,
                            21.89,
                            -62.09,
                            35.44,
                            -52.19,
                            47.35,
                            -39.92,
                            56.13,
                            -25.83,
                            61.81,
                            -8.98,
                            63.46,
                            9.22,
                            61.63,
                            25.33,
                            53.75,
                            37.77,
                            43.14,
                            48.39,
                            27.94,
                            53.34,
                            12.38,
                            54.98,
                            -0.62,
                            27.89,
                            25.93,
                            24.23,
                            25.93,
                            22.4,
                            23.18,
                            22.95,
                            -10.5,
                            23.86,
                            -14.53,
                            65.6,
                            -56.82,
                            69.63,
                            -58.65,
                            73.47,
                            -58.65,
                            75.78,
                            -56.46,
                            116.42,
                            -15.08,
                            118.44,
                            -11.24,
                            118.99,
                            23.55,
                            116.42,
                            26.11,
                            112.21,
                            25.93,
                            86.4,
                            -0.25,
                            86.09,
                            9.86,
                            84.81,
                            22.13,
                            80.05,
                            35.13,
                            73.82,
                            48.31,
                            65.58,
                            60.94,
                            53.88,
                            72.75,
                            39.97,
                            82.27,
                            25.87,
                            89.23,
                            8.3,
                            93.81,
                            -9.28,
                            95.82,
                            -26.57,
                            94.17,
                            -44.33,
                            89.23,
                            -61.54,
                            80.26,
                            -78.02,
                            67.08,
                            -91.56,
                            49.32,
                            -101.17,
                            27.7,
                            -105.19,
                            5.18,
                            -103.91,
                            -18.8,
                            -96.22,
                            -42.97,
                            -85.53,
                            -59.08,
                            -69.42,
                            -75,
                            -52.44,
                            -86.57,
                            -24.8,
                            -95.17,
                            0.46,
                            -96.63,
                            24.45,
                            -90.78
                        ],
                        "color": "ff0000ff"
                    }
                },
                "Cone_rotation_Y": {
                    "Cone_rotation_Y": {
                        "type": "boundingbox",
                        "vertexCount": 64,
                        "vertices": [
                            33.45,
                            -86.17,
                            19.46,
                            -57.86,
                            6.46,
                            -62.25,
                            -4.34,
                            -64.08,
                            -18.25,
                            -63.9,
                            -33.45,
                            -59.5,
                            -45.53,
                            -52.91,
                            -55.78,
                            -43.94,
                            -63.47,
                            -33.51,
                            -69.68,
                            -20.21,
                            -72.79,
                            -6.29,
                            -72.61,
                            7.44,
                            -69.68,
                            21.9,
                            -61.99,
                            35.45,
                            -52.09,
                            47.35,
                            -39.83,
                            56.14,
                            -25.73,
                            61.81,
                            -8.89,
                            63.46,
                            9.31,
                            61.63,
                            25.42,
                            53.76,
                            37.87,
                            43.14,
                            48.49,
                            27.95,
                            53.43,
                            12.38,
                            55.08,
                            -0.61,
                            27.99,
                            25.93,
                            24.32,
                            25.93,
                            22.49,
                            23.19,
                            23.04,
                            -10.5,
                            23.96,
                            -14.53,
                            65.7,
                            -56.82,
                            69.73,
                            -58.65,
                            73.57,
                            -58.65,
                            75.88,
                            -56.45,
                            116.52,
                            -15.08,
                            118.53,
                            -11.23,
                            119.08,
                            23.55,
                            116.52,
                            26.11,
                            112.31,
                            25.93,
                            86.5,
                            -0.25,
                            86.19,
                            9.87,
                            84.91,
                            22.13,
                            80.15,
                            35.13,
                            73.92,
                            48.31,
                            65.68,
                            60.94,
                            53.98,
                            72.76,
                            40.07,
                            82.28,
                            25.97,
                            89.23,
                            8.4,
                            93.81,
                            -9.18,
                            95.82,
                            -26.48,
                            94.18,
                            -44.23,
                            89.23,
                            -61.44,
                            80.26,
                            -77.92,
                            67.08,
                            -91.47,
                            49.32,
                            -101.07,
                            27.7,
                            -105.09,
                            5.19,
                            -103.81,
                            -18.8,
                            -96.12,
                            -42.96,
                            -85.43,
                            -59.07,
                            -69.32,
                            -75,
                            -52.35,
                            -86.56,
                            -24.7,
                            -95.17,
                            0.56,
                            -96.63,
                            24.54,
                            -90.77
                        ],
                        "color": "00ff18ff"
                    }
                },
                "Cone_rotation_Z": {
                    "Cone_rotation_Z": {
                        "type": "boundingbox",
                        "vertexCount": 64,
                        "vertices": [
                            33.45,
                            -86.17,
                            19.46,
                            -57.86,
                            6.46,
                            -62.25,
                            -4.34,
                            -64.08,
                            -18.26,
                            -63.9,
                            -33.45,
                            -59.5,
                            -45.53,
                            -52.91,
                            -55.79,
                            -43.94,
                            -63.48,
                            -33.51,
                            -69.68,
                            -20.21,
                            -72.79,
                            -6.29,
                            -72.61,
                            7.44,
                            -69.68,
                            21.9,
                            -61.99,
                            35.45,
                            -52.1,
                            47.35,
                            -39.83,
                            56.14,
                            -25.73,
                            61.81,
                            -8.89,
                            63.46,
                            9.31,
                            61.63,
                            25.42,
                            53.76,
                            37.87,
                            43.14,
                            48.49,
                            27.95,
                            53.43,
                            12.38,
                            55.08,
                            -0.61,
                            27.98,
                            25.93,
                            24.32,
                            25.93,
                            22.49,
                            23.19,
                            23.04,
                            -10.5,
                            23.96,
                            -14.53,
                            65.7,
                            -56.82,
                            69.72,
                            -58.65,
                            73.57,
                            -58.65,
                            75.87,
                            -56.45,
                            116.52,
                            -15.08,
                            118.53,
                            -11.23,
                            119.08,
                            23.55,
                            116.52,
                            26.11,
                            112.31,
                            25.93,
                            86.49,
                            -0.25,
                            86.18,
                            9.87,
                            84.9,
                            22.13,
                            80.14,
                            35.13,
                            73.92,
                            48.31,
                            65.68,
                            60.94,
                            53.98,
                            72.76,
                            40.06,
                            82.28,
                            25.97,
                            89.23,
                            8.39,
                            93.81,
                            -9.18,
                            95.82,
                            -26.48,
                            94.18,
                            -44.24,
                            89.23,
                            -61.45,
                            80.26,
                            -77.92,
                            67.08,
                            -91.47,
                            49.32,
                            -101.07,
                            27.7,
                            -105.1,
                            5.19,
                            -103.82,
                            -18.8,
                            -96.13,
                            -42.96,
                            -85.44,
                            -59.07,
                            -69.33,
                            -75,
                            -52.35,
                            -86.56,
                            -24.71,
                            -95.17,
                            0.56,
                            -96.63,
                            24.54,
                            -90.77
                        ],
                        "color": "002cffff"
                    }
                },
                "Cone_Segment_0": {
                    "Cone_Segment_0": {
                        "type": "mesh",
                        "path": "images/Cone_texturing_Baked",
                        "uvs": [
                            0.00017644879699219018,
                            0.5421197414398193,
                            0.00017647247295826674,
                            0.0001764432090567425,
                            0.38720136880874634,
                            0.37953680753707886
                        ],
                        "triangles": [
                            0,
                            1,
                            2
                        ],
                        "vertices": [
                            1,
                            16,
                            0.0,
                            0.0,
                            1.0,
                            1,
                            17,
                            0.0,
                            0.0,
                            1.0,
                            1,
                            18,
                            0.0,
                            0.0,
                            1.0
                        ],
                        "hull": 3,
                        "edges": [
                            0,
                            2,
                            2,
                            4,
                            0,
                            4
                        ],
                        "width": 128,
                        "height": 128
                    }
                },
                "Cone_Segment_1": {
                    "Cone_Segment_1": {
                        "type": "mesh",
                        "path": "images/Cone_texturing_Baked",
                        "uvs": [
                            0.8073417544364929,
                            0.5001764893531799,
                            0.5974479913711548,
                            0.9998235702514648,
                            0.38755422830581665,
                            0.5001764893531799
                        ],
                        "triangles": [
                            0,
                            1,
                            2
                        ],
                        "vertices": [
                            1,
                            19,
                            0.0,
                            0.0,
                            1.0,
                            1,
                            17,
                            0.0,
                            0.0,
                            1.0,
                            1,
                            16,
                            0.0,
                            0.0,
                            1.0
                        ],
                        "hull": 3,
                        "edges": [
                            0,
                            2,
                            2,
                            4,
                            0,
                            4
                        ],
                        "width": 128,
                        "height": 128
                    }
                },
                "Cone_Segment_2": {
                    "Cone_Segment_2": {
                        "type": "mesh",
                        "path": "images/Cone_texturing_Baked",
                        "uvs": [
                            0.8073417544364929,
                            0.00017645784828346223,
                            0.5974479913711548,
                            0.49982354044914246,
                            0.38755425810813904,
                            0.00017645784828346223
                        ],
                        "triangles": [
                            0,
                            1,
                            2
                        ],
                        "vertices": [
                            1,
                            18,
                            0.0,
                            0.0,
                            1.0,
                            1,
                            17,
                            0.0,
                            0.0,
                            1.0,
                            1,
                            19,
                            0.0,
                            0.0,
                            1.0
                        ],
                        "hull": 3,
                        "edges": [
                            0,
                            2,
                            2,
                            4,
                            0,
                            4
                        ],
                        "width": 128,
                        "height": 128
                    }
                },
                "Cone_Segment_3": {
                    "Cone_Segment_3": {
                        "type": "mesh",
                        "path": "images/Cone_texturing_Baked",
                        "uvs": [
                            0.3637230694293976,
                            0.5424727201461792,
                            0.3637230694293976,
                            0.9622602462768555,
                            0.00017644283070694655,
                            0.7523665428161621
                        ],
                        "triangles": [
                            0,
                            1,
                            2
                        ],
                        "vertices": [
                            1,
                            16,
                            0.0,
                            0.0,
                            1.0,
                            1,
                            18,
                            0.0,
                            0.0,
                            1.0,
                            1,
                            19,
                            0.0,
                            0.0,
                            1.0
                        ],
                        "hull": 3,
                        "edges": [
                            0,
                            2,
                            2,
                            4,
                            0,
                            4
                        ],
                        "width": 128,
                        "height": 128
                    }
                }
            }
        }
    ],
    "animations": {
        "animation": {
            "attachments": {
                "default": {}
            }
        },
        "preview": {
            "bones": {
                "Cone_rotation_Y": {
                    "rotate": [
                        {
                            "curve": [
                                0.667,
                                0,
                                1.333,
                                -360
                            ]
                        },
                        {
                            "time": 2,
                            "value": -360,
                            "curve": [
                                2.667,
                                -360,
                                3.333,
                                -360
                            ]
                        },
                        {
                            "time": 4,
                            "value": -360,
                            "curve": [
                                4.667,
                                -360,
                                5.333,
                                0
                            ]
                        },
                        {
                            "time": 6
                        }
                    ]
                },
                "Cone_rotation_Z": {
                    "rotate": [
                        {
                            "time": 2,
                            "curve": [
                                2.667,
                                0,
                                3.333,
                                360
                            ]
                        },
                        {
                            "time": 4,
                            "value": 360,
                            "curve": [
                                4.667,
                                360,
                                5.333,
                                0
                            ]
                        },
                        {
                            "time": 6
                        }
                    ]
                },
                "Cone_rotation_X": {
                    "rotate": [
                        {
                            "value": -360,
                            "curve": [
                                0.667,
                                -360,
                                1.333,
                                0
                            ]
                        },
                        {
                            "time": 2,
                            "curve": "stepped"
                        },
                        {
                            "time": 4,
                            "curve": [
                                4.667,
                                0,
                                5.333,
                                -360
                            ]
                        },
                        {
                            "time": 6,
                            "value": -360,
                            "curve": [
                                6.667,
                                -360,
                                7.333,
                                -360
                            ]
                        },
                        {
                            "time": 8,
                            "value": -360
                        }
                    ]
                }
            }
        }
    }
}
